"canonicalName","entityType","variants","earliestYear","latestYear","localCd","localNote","familySearch","comparisonStatus","filmAndCallNumbers","relatedBranches","relationshipNotes","notes","sourceUrls","nameSources","leadershipOfficers"
"Aberaman","Branch","Aberamman; Aberamon","1852","1852","false","false","false","Historically verified branch; no dedicated local membership register identified","Aberaman Branch council and branch business, typed transcript page 17; Journal reference to an Aberaman Branch meeting; Journal reference to the saints meeting at Aberaman Branch","","","Explicit historical branch evidence is preserved in conference minutes, journals, Welsh Saints material, or Ronald D. Dennis publications. No dedicated Record of Members is currently identified.","https://welshsaints.byu.edu/Resource_Info.aspx?id=2759; https://welshsaints.byu.edu/Resource_Info.aspx?id=1347","[{""sourceName"":""Aberaman"",""collectionTitle"":""East Glamorgan branch and conference minutes"",""collectionBranch"":""Aberaman"",""note"":""The transcript explicitly distinguishes Aberaman Branch from Aberdare Branch and records branch council activity in 1852.""}]",""
"Aberdare","Branch","Aberdar","1844","1852","false","false","false","Historically verified branch; no dedicated local membership register identified","Named among the seven branches forming the Merthyr Tydfil Conference; Aberdare Branch council and branch business, typed transcript page 17; Variant retained for branch discovery","","","Explicit historical branch evidence is preserved in conference minutes, journals, Welsh Saints material, or Ronald D. Dennis publications. No dedicated Record of Members is currently identified.","https://welshsaints.byu.edu/Resource_Info.aspx?id=2618","[{""sourceName"":""Aberdare"",""collectionTitle"":""The Welsh and the Gospel"",""collectionBranch"":""Aberdare"",""note"":""The historical narrative names Aberdare among the seven established branches forming the Merthyr Tydfil Conference.""}]",""
"Abergavenny","Branch","Abergyfeny; Y Fenni","1840","1844","false","false","false","Historically verified branch; no dedicated local membership register identified","Missionaries arrived late 1840; Abergavenny Branch later transferred from Garway Conference to Merthyr Tydfil Conference; PDF page 30 describes the arrival of the first missionaries and the established branch; Variant retained for discovery","","","Explicit historical branch evidence is preserved in conference minutes, journals, Welsh Saints material, or Ronald D. Dennis publications. No dedicated Record of Members is currently identified.","https://welshsaints.byu.edu/Resource_Info.aspx?id=2618","[{""sourceName"":""Abergavenny"",""collectionTitle"":""The Welsh and the Gospel"",""collectionBranch"":""Abergavenny"",""note"":""The narrative identifies Abergavenny as a branch, records missionary activity beginning in late 1840, and describes its later conference transfer.""}]",""
"Abergele","Branch","","","","false","false","false","Historically verified branch; no dedicated local membership register identified","PDF page 281; Edward Parry appointed to preside after John Parry was released","","","Explicit historical branch evidence is preserved in conference minutes, journals, Welsh Saints material, or Ronald D. Dennis publications. No dedicated Record of Members is currently identified.","","[{""sourceName"":""Abergele"",""collectionTitle"":""Zion's Trumpet, 1850"",""collectionBranch"":""Abergele"",""evidenceType"":""Branch leadership/officer appointment"",""note"":""PDF page 281; Edward Parry appointed to preside after John Parry was released"",""leadership"":""Branch president: John Parry; succeeded by Edward Parry""}]","Branch president: John Parry; succeeded by Edward Parry"
"Abersychan","Branch","Abersycan","1848","1898","true","true","false","Local CD only / verify with FamilySearch","CD 25; LR 10468 7; CD 62; general minutes; Wales2Utah research note","","","Needs human review; absence from one source is not proof the branch or record was absent.","","[]",""
"Abertillery","Branch","","1861","1866","true","true","false","Verified compound local source section","CD 19; LR 195 7 compound section; images 00046-00057; 12 authoritative images; Wales2Utah research note","","","","","[{""sourceName"":""Abertillery"",""collectionTitle"":""Abertillery Branch Record of Members, 1861-1866"",""filename"":""LR-195-7_M_00046.jpg"",""viewerSequence"":1,""collectionBranch"":""Abertillery"",""lrContext"":""CD 19 / LR 195 7 compound volume"",""note"":""Abertillery occupies images 00046-00057 of the compound source. Cwm Celyn precedes this section and Tredegar begins at image 00058. The physical volume remains intact; the site exposes this range as a virtual collection.""}]",""
"Alltwen","Branch","Altwen","1849","1859","true","true","false","Local CD only / verify with FamilySearch","CD 3; LR 225 7; LR 225 7; historical/source spelling of Alltwen; Wales2Utah research note","","","Needs human review; absence from one source is not proof the branch or record was absent.","","[]",""
"Bagillt","Branch","","","","false","false","false","Historically verified branch; no dedicated local membership register identified","PDF page 95; Bagillt explicitly identified as a branch in the Flintshire organization","","","Explicit historical branch evidence is preserved in conference minutes, journals, Welsh Saints material, or Ronald D. Dennis publications. No dedicated Record of Members is currently identified.","","[{""sourceName"":""Bagillt"",""collectionTitle"":""Zion's Trumpet, 1849"",""collectionBranch"":""Bagillt"",""evidenceType"":""Branch leadership/officer appointment"",""note"":""PDF page 95; Bagillt explicitly identified as a branch in the Flintshire organization"",""leadership"":""Branch president: John Jones""}]","Branch president: John Jones"
"Beaufort","Branch","","1844","1844","false","false","false","Historically verified branch; no dedicated local membership register identified","Named among the seven branches forming the Merthyr Tydfil Conference","","","Explicit historical branch evidence is preserved in conference minutes, journals, Welsh Saints material, or Ronald D. Dennis publications. No dedicated Record of Members is currently identified.","https://welshsaints.byu.edu/Resource_Info.aspx?id=2618","[{""sourceName"":""Beaufort"",""collectionTitle"":""The Welsh and the Gospel"",""collectionBranch"":""Beaufort"",""note"":""The historical narrative explicitly lists Beaufort as one of the branches forming the Merthyr Tydfil Conference.""}]",""
"Blaenavon","Branch","","","","false","false","false","Historically verified branch; no dedicated local membership register identified","PDF page 197; Blaenavon branch presented to the Herefordshire District","","","Explicit historical branch evidence is preserved in conference minutes, journals, Welsh Saints material, or Ronald D. Dennis publications. No dedicated Record of Members is currently identified.","","[{""sourceName"":""Blaenavon"",""collectionTitle"":""Zion's Trumpet, 1850"",""collectionBranch"":""Blaenavon"",""evidenceType"":""Conference organization/branch list"",""note"":""PDF page 197; Blaenavon branch presented to the Herefordshire District""}]",""
"Brechfa","Branch","","1846","1875","true","true","false","Verified local source collection","CD 4; LR 11000 7; 62 authoritative full-resolution images","","","","","[]",""
"Brecon","Branch","","1856","1857","false","false","false","Historically verified branch; no dedicated local membership register identified","A report identifies John Jones as formerly President of Brecon Branch; PDF page 445","","","Explicit historical branch evidence is preserved in conference minutes, journals, Welsh Saints material, or Ronald D. Dennis publications. No dedicated Record of Members is currently identified.","","[{""sourceName"":""Brecon"",""collectionTitle"":""Zion's Trumpet, 1856-1857"",""collectionBranch"":""Brecon"",""note"":""The periodical explicitly identifies an officer who had served as President of Brecon Branch.""}]",""
"Britonferry","Branch","Briton Ferry","1850","1853","true","false","false","Local CD only / verify with FamilySearch","LR 11759 7; explicit Briton Ferry section, pages 43-46, in compound Llansawel/Swansea/Briton Ferry volume","","","Needs human review; absence from one source is not proof the branch or record was absent.","","[]",""
"Brynmawr","Branch","Gwaen Helygen","1848","1868","true","false","false","Verified local source collection","CD 10; LR 215 7; 93 authoritative full-resolution images","","","","","[]",""
"Bryntroedgam","Branch","Bryn","1847","1860","true","false","false","Verified local source collection","CD 13; LR 129 7; 44 authoritative full-resolution images; source heading Bryn Branch / Canghen y Bryn","","","","","[]",""
"Cardiff","Branch","Cardiff Branch","1846","1947","true","true","true","Matched: FamilySearch and local CD","CD 21; LR 1416 7; Wales2Utah research note; Film 104168 Items 1-6","","","","https://www.familysearch.org/search/catalog/results?query=film_number%3A104168","[]",""
"Carmarthen","Branch","","","","false","false","false","Historically verified branch; no dedicated local membership register identified","PDF page 260; Carmarthen named among branches assigned to the Carmarthen Conference","","","Explicit historical branch evidence is preserved in conference minutes, journals, Welsh Saints material, or Ronald D. Dennis publications. No dedicated Record of Members is currently identified.","","[{""sourceName"":""Carmarthen"",""collectionTitle"":""Zion's Trumpet, 1852"",""collectionBranch"":""Carmarthen"",""evidenceType"":""Conference organization/branch list"",""note"":""PDF page 260; Carmarthen named among branches assigned to the Carmarthen Conference""}]",""
"Castell Nedd (Neath)","Branch","Castell Nedd; Castellned; Neath","1849","1884","true","true","false","Verified local source collection","CD 2; project LR 196 7; photographed source/library identifier 1544 preserved separately; 112 authoritative full-resolution images; source dates 1849-1884","","","","","[{""sourceName"":""Castell Nedd"",""collectionTitle"":""Castell Nedd Branch Record of Members, 1849-1884"",""filename"":""1544__M_00002.jpg"",""viewerSequence"":2,""collectionBranch"":""Castell Nedd (Neath)"",""lrContext"":""Project/CD reference LR 196 7; photographed source/library identifier 1544."",""note"":""The library label uses Castell Nedd and dates the Record of Members 1849-1884. The volume contains an original register, an independent rebaptism/renewal register, a later independently numbered register, and Welsh historical narrative.""},{""sourceName"":""Castellned"",""collectionTitle"":""Castellned Branch Record of Members, 1849-1883"",""filename"":""1544__M_00001.jpg"",""viewerSequence"":1,""collectionBranch"":""Castell Nedd (Neath)"",""lrContext"":""Project/CD reference LR 196 7; photographed source/library identifier 1544."",""note"":""The cover uses the compact historical spelling Castellned and dates the volume 1849-1883; the adjacent library label uses Castell Nedd and extends the catalog coverage through 1884.""}]",""
"Cefn Coed-y-Cymmer","Branch","Cefncoed-y-Cymar; Cefncoedycymer","1847","1864","true","true","true","Verified local source collection","CD 12; LR 176 7; 109 authoritative full-resolution images; source forms Cefncoed-y-Cymar and Cefncoedycymer","","","","https://www.familysearch.org/search/catalog/results?query=film_number%3A104168","[]",""
"Cefn Mawr","Branch","","1854","1854","false","false","false","Historically verified branch; no dedicated local membership register identified","Explicit Cefn Mawr Branch reference; PDF page 688","","","Explicit historical branch evidence is preserved in conference minutes, journals, Welsh Saints material, or Ronald D. Dennis publications. No dedicated Record of Members is currently identified.","","[{""sourceName"":""Cefn Mawr"",""collectionTitle"":""Zion's Trumpet, 1854"",""collectionBranch"":""Cefn Mawr"",""note"":""The periodical explicitly names Cefn Mawr Branch.""}]",""
"Cellan","Branch","","","","false","false","false","Historically verified branch; no dedicated local membership register identified","PDF page 65; William Evans identified as an elder in Cellan Branch","","","Explicit historical branch evidence is preserved in conference minutes, journals, Welsh Saints material, or Ronald D. Dennis publications. No dedicated Record of Members is currently identified.","","[{""sourceName"":""Cellan"",""collectionTitle"":""Zion's Trumpet, 1852"",""collectionBranch"":""Cellan"",""evidenceType"":""Explicit branch reference"",""note"":""PDF page 65; William Evans identified as an elder in Cellan Branch"",""leadership"":""Officer: William Evans, elder""}]","Officer: William Evans, elder"
"Coalbrookvale","Branch","Coal Brook Vale; Coal Brock Vale; Coalbrook Vale","1856","1867","true","true","true","Verified compound local source section","CD 24; LR 174 7 compound section; 83 authoritative full-resolution images; membership registers 00080-00137","Blaina; Nantyglo; Cwm Celyn","The source records organization of Coal Brook Vale on 3 March 1856 after disorganization/reorganization involving Nantyglo, Blaenau and Cwm Celyn. Blaina appears throughout the membership registers as the branch/locality heading; the evidence is preserved without creating a duplicate branch.","","https://www.familysearch.org/search/catalog/results?query=film_number%3A104168","[{""sourceName"":""Coal Brook Vale"",""collectionTitle"":""Coal Brook Vale / Blaina records, 1856-1867"",""filename"":""LR-1175710_v1590_M_00078.jpg"",""viewerSequence"":1,""collectionBranch"":""Coalbrookvale"",""lrContext"":""CD 24 / LR 174 7 compound volume"",""note"":""Image 00078 records organization of Coal Brook Vale on 3 March 1856 from Nantyglo, Blaenau and Cwm Celyn; images 00080-00137 contain two membership sequences under Coal Brook Vale / Blaina headings.""}]",""
"Cogan","Branch","Cog","1848","1876","true","true","true","Verified local source collection","CD 31; LR 109 7; 68 authoritative full-resolution images; source heading Cog","","","","https://www.familysearch.org/search/catalog/results?query=film_number%3A104168","[]",""
"Crumlin","Branch","","1857","1862","false","true","true","FamilySearch only / locate local record","Photographed library identifier 859; four bounded register frames within a nine-frame compound packet; Wales2Utah research note; Film 104168 Item 10","","","Needs human review; absence from one source is not proof the branch or record was absent.","https://www.familysearch.org/search/catalog/results?query=film_number%3A104168","[{""sourceName"":""Crumlin"",""collectionTitle"":""Crumlin Branch Record of Members, 1857-1862"",""collectionBranch"":""Crumlin"",""note"":""PDF pages 6-9 contain the Crumlin register. Pages 1-4 are structural/catalog frames and page 5 closes the preceding Trinant section.""}]",""
"Cuffern Mountain","Branch","","1849","1876","true","true","true","Verified local source collection","CD 6; LR 198 7; 83 authoritative historical images","","","","https://www.familysearch.org/search/catalog/results?query=film_number%3A104168","[]",""
"Cwm Celyn","Branch","Cwm Celin","1851","1883","true","true","false","Local CD only / verify with FamilySearch","CD 19; LR 195 7; Wales2Utah research note","","","Needs human review; absence from one source is not proof the branch or record was absent.","","[]",""
"Cwm Saerbren","Branch","Cwmsaerbren","1858","1874","true","false","false","Verified compound local source section; dedicated LR 11150 images not connected","CD 34; LR 172 7 compound section; internal pages 6-24; 38 authoritative full-resolution images; LR 11150 separate reference not connected","","","","","[{""sourceName"":""Cwmsaerbren"",""collectionTitle"":""Llanelltyd, 1850-1882, LR1727"",""filename"":""LR-1175710_v1574_M_00003.jpg"",""viewerSequence"":3,""collectionBranch"":""Llanelltyd"",""lrContext"":""Enclosing Llanelltyd collection: LR 172 7"",""internalPage"":6,""separateReference"":""LR 11150"",""note"":""Internal source label dates the Cwm Saerbren record of members 1858-1874. The enclosing physical volume spans 1850-1882. LR 11150 remains a separate catalog reference; no corresponding images are currently connected.""}]",""
"Cwmbach","Branch","","1851","1852","false","false","false","Historically verified branch; no dedicated local membership register identified","Cwmbach Branch president and council activity; typed transcript page 12","","","Explicit historical branch evidence is preserved in conference minutes, journals, Welsh Saints material, or Ronald D. Dennis publications. No dedicated Record of Members is currently identified.","","[{""sourceName"":""Cwmbach"",""collectionTitle"":""East Glamorgan Conference minutes, 1851-1852"",""collectionBranch"":""Cwmbach"",""note"":""The minutes explicitly identify Cwmbach Branch, its president, and branch council activity.""}]",""
"Cwmbran","Branch","","1850","1874","true","false","true","Contextual typed minutes evidence; dedicated member register not recovered","CD 62 within source group CDs 60-62; LR 70861 1; Pontypool/Abersychan General Minutes, 1857-1889; Cwmbran reports on typed PDF pages 129, 167, 169, 171-172, 176; Film 104168 Item 13 retained as legacy discovery metadata","","","Cwmbran is repeatedly attested in branch-condition, missionary, baptism/addition, and appointment reports. This is contextual minutes evidence, not a dedicated Record of Members.","https://www.familysearch.org/search/catalog/results?query=film_number%3A104168","[]",""
"Cwmcillyn","Branch","","1847","1856","false","false","true","FamilySearch only / locate local record","Film 104168 Item 12; no matching local image or PDF packet located; Film 104168 Item 12","","","Needs human review; absence from one source is not proof the branch or record was absent.","https://www.familysearch.org/search/catalog/results?query=film_number%3A104168","[{""sourceName"":""Cwmcillyn"",""collectionTitle"":""Cwmcillyn Branch source attestation"",""collectionBranch"":""Cwmcillyn"",""note"":""Checked project source CDs, recovered CD copies, Microfilm PDFs/direct-FHC component holdings, manifests, catalogs, and legacy Wales2Utah material. The source remains historically attested, but no authoritative local image collection was found.""}]",""
"Cwmtillery","Branch","Cwn Tillery","1847","1857","true","true","false","Local CD only / verify with FamilySearch","CD 8; LR 188 7; CD 8; LR 188 7; photographed library identifier 859; 69 authoritative full-resolution images; Wales2Utah research note","","","Needs human review; absence from one source is not proof the branch or record was absent.","","[{""sourceName"":""Cwmtillery"",""collectionTitle"":""Cwmtillery Branch Record of Members, 1847-1857"",""collectionBranch"":""Cwmtillery"",""note"":""The source heading supports 1847-1857 for the Record of Members. The broader inherited 1847-1862 range describes additional deaths, children and historical material and is not used as the membership-register range.""}]",""
"Cymmer","Branch","Gymmer","1850","1866","true","false","false","Local CD only / verify with FamilySearch","CD 9; LR 11152 23; CD 59; meeting transcription checklist","","","Needs human review; absence from one source is not proof the branch or record was absent.","","[]",""
"Dinas","Branch","","1848","1879","true","true","false","Verified local source collection","CD 1; LR 182 7; source image/catalog prefix 1555; 66 authoritative full-resolution images; cover states 1848-1878","","","","","[{""sourceName"":""Dinas"",""collectionTitle"":""Dinas Branch Record of Members, 1848-1878"",""filename"":""1555__M_00001.jpg"",""viewerSequence"":1,""collectionBranch"":""Dinas"",""lrContext"":""Project/recovered-folder reference LR 182 7; retained source-image prefix 1555."",""note"":""The cover says 1848-1878 while the inherited project/indexing range says 1848-1879. No inspected membership entry or annotation establishes 1879. Introductory Welsh narrative ends with apparent Cymer Branch wording and is preserved as possible branch evidence.""}]",""
"Dowlais","Branch","Gwernllwyn","1851","1872","true","true","false","Local CD only / verify with FamilySearch","CD 27; LR 128 7; Wales2Utah research note","","","Needs human review; absence from one source is not proof the branch or record was absent.","","[]",""
"Ebbw Vale","Branch","Ebbro Vale","1847","1864","true","true","false","Verified local source collection","CD 26; LR 9846 7; 76 authoritative full-resolution images; source heading Ebbro Vale","","","","","[]",""
"Eglwysbach","Branch","Eglwys Fach; Eglwys Bach","1849","1864","false","false","false","Historically verified branch; recorded branch book not currently located","Abel Evans organized a six-member branch; Hugh Roberts served as presiding elder and kept the branch record until emigrating in 1864; Historical/source spelling used in Hugh Roberts family records; Variant spacing retained for discovery; Conwy Valley Conference held at Eglwysbach, 28 May 1854; five branches and 98 members reported for the conference","","","Organized by Abel Evans with six members after the Roberts family conversions; Hugh Roberts served as presiding elder and kept the branch record until 1864. The record's present survival or location is unknown.","https://welshsaints.byu.edu/Immigrant_View.aspx?id=806","[{""sourceName"":""Eglwysbach"",""collectionTitle"":""Hugh and Mary Owens Roberts biographical and genealogical evidence"",""collectionBranch"":""Eglwysbach"",""note"":""The family history says Abel Evans organized the Eglwysbach Branch with six members, Hugh Roberts was called as presiding elder, and Roberts kept the branch record until he emigrated in 1864, when he delivered it to John Roberts of Pensarn. The present location or survival of that branch record is not established.""}]",""
"Ffestiniog","Branch","Festiniog","1848","1856","false","true","false","Research note only","Ffestiniog membership record book integrated into local archive; surviving title uses Festiniog; 94 unique viewer images; Wales2Utah research note","","","Needs human review; absence from one source is not proof the branch or record was absent.","","[{""sourceName"":""Festiniog"",""collectionTitle"":""FESTINIOG BRANCH (Wales), WELSH MISSION, Historical Record and Record of Members, 1848, etc."",""collectionBranch"":""Ffestiniog"",""note"":""The membership-book title page directly supports the 1848 start date with the wording '1848, etc.' The 1856 endpoint is the branch closing/end date documented in the project's historical context; 1856 is not printed on that title page.""}]",""
"Fishguard","Branch","","","","false","false","false","Historically verified branch; no dedicated local membership register identified","PDF page 974; Fishguard appears in a branch-organized contribution list","","","Explicit historical branch evidence is preserved in conference minutes, journals, Welsh Saints material, or Ronald D. Dennis publications. No dedicated Record of Members is currently identified.","","[{""sourceName"":""Fishguard"",""collectionTitle"":""Zion's Trumpet, 1856-1857"",""collectionBranch"":""Fishguard"",""evidenceType"":""Branch contribution/account list"",""note"":""PDF page 974; Fishguard appears in a branch-organized contribution list""}]",""
"Fleur-de-Lis","Branch","","","","false","false","false","Historically verified branch; no dedicated local membership register identified","PDF page 197; William Howells appointed to preside over Fleur-de-Lis Branch","","","Explicit historical branch evidence is preserved in conference minutes, journals, Welsh Saints material, or Ronald D. Dennis publications. No dedicated Record of Members is currently identified.","","[{""sourceName"":""Fleur-de-Lis"",""collectionTitle"":""Zion's Trumpet, 1850"",""collectionBranch"":""Fleur-de-Lis"",""evidenceType"":""Branch leadership/officer appointment"",""note"":""PDF page 197; William Howells appointed to preside over Fleur-de-Lis Branch"",""leadership"":""Branch president: William Howells""}]","Branch president: William Howells"
"Garndiffaith","Branch","Garnddiffaith","","","false","false","false","Historically verified branch; no dedicated local membership register identified","PDF page 197; source spelling Garnddiffaith, branch presented to the Herefordshire District; Source spelling retained as an alias of Garndiffaith","","","Explicit historical branch evidence is preserved in conference minutes, journals, Welsh Saints material, or Ronald D. Dennis publications. No dedicated Record of Members is currently identified.","","[{""sourceName"":""Garndiffaith"",""collectionTitle"":""Zion's Trumpet, 1850"",""collectionBranch"":""Garndiffaith"",""evidenceType"":""Conference organization/branch list"",""note"":""PDF page 197; source spelling Garnddiffaith, branch presented to the Herefordshire District""}]",""
"Gellifaelog","Branch","","1851","1852","false","false","false","Historically verified branch; no dedicated local membership register identified","Gellifaelog Branch and branch officer ordinations; typed pages 60 and 76","","","Explicit historical branch evidence is preserved in conference minutes, journals, Welsh Saints material, or Ronald D. Dennis publications. No dedicated Record of Members is currently identified.","","[{""sourceName"":""Gellifaelog"",""collectionTitle"":""East Glamorgan Conference minutes, 1851-1852"",""collectionBranch"":""Gellifaelog"",""note"":""Conference reporting and officer ordinations explicitly identify Gellifaelog Branch.""}]",""
"Georgetown","Branch","","","","false","true","false","Research note only","Wales2Utah research note","","","Needs human review; absence from one source is not proof the branch or record was absent.","","[]",""
"Gilwern","Branch","","1849","1858","true","true","false","Local CD only / verify with FamilySearch","CD 7; LR 13987 7; Wales2Utah research note","","","Needs human review; absence from one source is not proof the branch or record was absent.","","[]",""
"Harlech","Branch","","","","false","false","false","Historically verified branch; no dedicated local membership register identified","PDF page 299; Harlech listed among represented Merionethshire branches","","","Explicit historical branch evidence is preserved in conference minutes, journals, Welsh Saints material, or Ronald D. Dennis publications. No dedicated Record of Members is currently identified.","","[{""sourceName"":""Harlech"",""collectionTitle"":""Zion's Trumpet, 1849"",""collectionBranch"":""Harlech"",""evidenceType"":""Conference organization/branch list"",""note"":""PDF page 299; Harlech listed among represented Merionethshire branches""}]",""
"Haverfordwest","Branch","","1847","1860","true","true","false","Verified local source collection","CD 23 / CR 11343 11 V.1; CD 58 / CR 11343 11 V.2; 272 authoritative historical images; membership registers 1847-1853 and 1857-1860","","","","","[{""sourceName"":""Haverfordwest"",""collectionTitle"":""Haverfordwest Branch volumes 1 and 2, 1847-1860"",""filename"":""LR-1134321_v1_M_00001.jpg"",""viewerSequence"":1,""collectionBranch"":""Haverfordwest"",""lrContext"":""Photographed identifiers CR 11343 11 V.1 and CR 11343 11 V.2; project folder/filename forms LR1134321 and LR1134311 are retained separately."",""note"":""Volume 1 contains member records 1847-1853 and historical material. Volume 2 contains historical record 1852-1854 and a separate member register 1857-1860. The exact catalog relationship among CR/LR forms is not normalized beyond the photographed evidence.""}]",""
"Hirwaun","Branch","Hirwaen","1846","1848","false","false","false","Historically verified branch; no dedicated local membership register identified","Hirwaun Branch is identified in 1846 and in later priesthood and baptism statistics; PDF page 498; Variant retained for discovery","","","Explicit historical branch evidence is preserved in conference minutes, journals, Welsh Saints material, or Ronald D. Dennis publications. No dedicated Record of Members is currently identified.","","[{""sourceName"":""Hirwaun"",""collectionTitle"":""Prophet of the Jubilee"",""collectionBranch"":""Hirwaun"",""note"":""The publication explicitly identifies Hirwaun Branch and preserves branch-level statistical evidence.""}]",""
"Letterston","Branch","","","","false","false","false","Historically verified branch; no dedicated local membership register identified","PDF page 212; North Pembroke conference report held at Letterston with branch representation","","","Explicit historical branch evidence is preserved in conference minutes, journals, Welsh Saints material, or Ronald D. Dennis publications. No dedicated Record of Members is currently identified.","","[{""sourceName"":""Letterston"",""collectionTitle"":""Zion's Trumpet, 1855"",""collectionBranch"":""Letterston"",""evidenceType"":""Explicit branch reference"",""note"":""PDF page 212; North Pembroke conference report held at Letterston with branch representation""}]",""
"Llanbrynmair","Branch","","","","false","false","false","Historically verified branch; no dedicated local membership register identified","PDF page 299; Llanbrynmair listed among represented Merionethshire branches","","","Explicit historical branch evidence is preserved in conference minutes, journals, Welsh Saints material, or Ronald D. Dennis publications. No dedicated Record of Members is currently identified.","","[{""sourceName"":""Llanbrynmair"",""collectionTitle"":""Zion's Trumpet, 1849"",""collectionBranch"":""Llanbrynmair"",""evidenceType"":""Conference organization/branch list"",""note"":""PDF page 299; Llanbrynmair listed among represented Merionethshire branches""}]",""
"Llanddoged","Branch","","","","false","false","false","Historically verified branch; no dedicated local membership register identified","PDF page 417 (1850) and page 705 (1854); branch established and later presiding appointment recorded","","","Explicit historical branch evidence is preserved in conference minutes, journals, Welsh Saints material, or Ronald D. Dennis publications. No dedicated Record of Members is currently identified.","","[{""sourceName"":""Llanddoged"",""collectionTitle"":""Zion's Trumpet, 1850 and 1854"",""collectionBranch"":""Llanddoged"",""evidenceType"":""Branch leadership/officer appointment"",""note"":""PDF page 417 (1850) and page 705 (1854); branch established and later presiding appointment recorded"",""leadership"":""Branch presidents: John Davies (1850); John Ellis (1854)""}]","Branch presidents: John Davies (1850); John Ellis (1854)"
"Llandebie","Branch","","1849","1866","true","true","false","Verified local source collection","CD 22; project LR 113 7; photographed library identifier 870 preserved separately; 45 authoritative full-resolution images; source dates 1849-1866","","","","","[{""sourceName"":""Llandebie"",""collectionTitle"":""Llandebie Branch Record of Members, 1849-1866"",""filename"":""LR-113-7_00002.jpg"",""viewerSequence"":2,""collectionBranch"":""Llandebie"",""lrContext"":""Project reference LR 113 7; photographed source label separately shows library number 870."",""note"":""The photographed label states Record of Members 1849-1866. The volume contains two independently numbered membership registers, a separate renewal/reformation sequence, opening Welsh historical narrative, and an additional-remarks page.""}]",""
"Llandudno","Branch","","","","false","false","false","Historically verified branch; no dedicated local membership register identified","PDF page 417; branch established at Llandudno","","","Explicit historical branch evidence is preserved in conference minutes, journals, Welsh Saints material, or Ronald D. Dennis publications. No dedicated Record of Members is currently identified.","","[{""sourceName"":""Llandudno"",""collectionTitle"":""Zion's Trumpet, 1850"",""collectionBranch"":""Llandudno"",""evidenceType"":""Branch leadership/officer appointment"",""note"":""PDF page 417; branch established at Llandudno"",""leadership"":""Branch president: Isaac Morris""}]","Branch president: Isaac Morris"
"Llanelli","Branch","Llanelly","1847","1868","true","true","false","Local CD only / verify with FamilySearch","CD 11; LR 11757 7; CD 11; source label 1577; recovered folder LR 11757 7; filename prefix LR 12451 7 (unresolved conflict); Wales2Utah research note","","","Needs human review; absence from one source is not proof the branch or record was absent.","","[{""sourceName"":""Llanelli"",""collectionTitle"":""Llanelly Branch Record of Members, 1847-1868"",""filename"":""LR 12451 7_00001.jpg"",""viewerSequence"":1,""collectionBranch"":""Llanelli"",""lrContext"":""Internal source labels say 1577; recovered CD folder says LR 11757 7; all 138 retained filenames say LR 12451 7."",""note"":""The 138-image run is one continuous physical volume and is not checksum-duplicated from the Rhymney collection. The filename/catalog identifier conflict remains unresolved.""}]",""
"Llanelltyd","Branch","Llanellyd; Llanelltud","1850","1857","true","true","true","Verified compound local source section","CD 34; LR 172 7 compound section; internal pages 1-5; 10 authoritative full-resolution images; section dated 1850-1857","","","","https://www.familysearch.org/search/catalog/results?query=film_number%3A104168","[{""sourceName"":""Llanellyd"",""collectionTitle"":""Llanelltyd, 1850-1882, LR1727"",""filename"":""LR-1175710_v1574_M_00003.jpg"",""viewerSequence"":3,""collectionBranch"":""Llanelltyd"",""lrContext"":""Enclosing Llanelltyd collection: LR 172 7"",""internalPage"":1,""note"":""Historical spelling written on the volume index.""},{""sourceName"":""Llanelltyd"",""collectionTitle"":""Llanelltyd, 1850-1882, LR1727"",""filename"":""LR-1175710_v1574_M_00026.jpg"",""viewerSequence"":1,""collectionBranch"":""Llanelltyd"",""lrContext"":""Enclosing Llanelltyd collection: LR 172 7"",""internalPage"":1,""note"":""The source label dates the Llanelltyd Record of Members 1850-1857. The virtual collection stops at image 00035; image 00036 begins Cwm Saerbren.""}]",""
"Llanelly 2","Branch","","","","false","true","false","Research note only","Wales2Utah research note","","","Needs human review; absence from one source is not proof the branch or record was absent.","","[]",""
"Llanfabon","Branch","","1847","1869","true","true","false","Verified local source collection","CD 15; project LR1687; historical/library identifier 871 preserved separately; 60 authoritative full-resolution images","","","","","[{""sourceName"":""Llanfabon"",""collectionTitle"":""Llanfabon Branch Record of Members, 1847-1869"",""filename"":""871__M_00002.jpg"",""viewerSequence"":2,""collectionBranch"":""Llanfabon"",""lrContext"":""Project reference LR1687; photographed source label separately shows 871."",""note"":""The relationship between historical/library identifier 871 and project LR1687 is not established. The volume contains an original register, a separate Reformation register, and Welsh historical narrative on written pages 19-28.""}]",""
"Llanpumsaint","Branch","","","","false","false","false","Historically verified branch; no dedicated local membership register identified","PDF page 260; Llanpumsaint named among branches assigned to the Carmarthen Conference","","","Explicit historical branch evidence is preserved in conference minutes, journals, Welsh Saints material, or Ronald D. Dennis publications. No dedicated Record of Members is currently identified.","","[{""sourceName"":""Llanpumsaint"",""collectionTitle"":""Zion's Trumpet, 1852"",""collectionBranch"":""Llanpumsaint"",""evidenceType"":""Conference organization/branch list"",""note"":""PDF page 260; Llanpumsaint named among branches assigned to the Carmarthen Conference""}]",""
"Llansawel (Carmarthenshire)","Branch","Llansawel","1849","1855","true","false","false","Verified dedicated local source collection","CD 14; LR 221 7; CD 14; LR 221 7; photographed library identifier 318; 28 authoritative images; Film 104169 items 14-15; locality assignment requires the recovered CD 14 source","","","","https://www.familysearch.org/search/catalog/209087","[{""sourceName"":""Llansawel (Carmarthenshire)"",""collectionTitle"":""Llansawel Branch Record of Members, 1849-1855"",""filename"":""318__M_00002.jpg"",""viewerSequence"":2,""collectionBranch"":""Llansawel (Carmarthenshire)"",""lrContext"":""CD 14 / LR 221 7; photographed library identifier 318."",""note"":""Dedicated register. Member residences and the CD assignment support the Carmarthenshire identity; it is distinct from the later Glamorgan section in LR 11759 7.""}]",""
"Llansawel (Glamorgan)","Branch","Llansawel","1850","1889","true","false","false","Verified compound local source section","CD 18; LR 11759 7; CD 18; LR 11759 7; explicit images 00009-00048; 40 authoritative in-place images; Film 104169 items 14-15; locality assignment requires the recovered LR 11759 7 heading","","","","https://www.familysearch.org/search/catalog/209087","[{""sourceName"":""Llansawel (Glamorgan)"",""collectionTitle"":""Llansawel Branch Record, 1850-1889"",""filename"":""LR-11759-7_v1575_M_00009.jpg"",""viewerSequence"":1,""collectionBranch"":""Llansawel (Glamorgan)"",""lrContext"":""CD 18 / LR 11759 7 compound Swansea-related volume."",""note"":""The photographed heading explicitly identifies Glamorgan. The Llansawel section is images 00009-00048; Swansea resumes at image 00049.""}]",""
"Llantrisant","Branch","","1850","1851","false","false","false","Historically verified branch; no dedicated local membership register identified","Baptized by a priest of Llantrisant Branch and confirmed under Thomas Morgan, Branch President; Llantrisant is listed with branch-level distribution and membership figures","","","Explicit historical branch evidence is preserved in conference minutes, journals, Welsh Saints material, or Ronald D. Dennis publications. No dedicated Record of Members is currently identified.","https://welshsaints.byu.edu/Resource_Info.aspx?id=2759","[{""sourceName"":""Llantrisant"",""collectionTitle"":""Richard Jenkins journal"",""collectionBranch"":""Llantrisant"",""note"":""The journal directly identifies Llantrisant Branch, its priesthood activity, and its branch president in January 1851.""}]",""
"Llanybydder","Branch","","","","false","false","false","Historically verified branch; no dedicated local membership register identified","PDF page 59; explicit Llanybydder Branch report","","","Explicit historical branch evidence is preserved in conference minutes, journals, Welsh Saints material, or Ronald D. Dennis publications. No dedicated Record of Members is currently identified.","","[{""sourceName"":""Llanybydder"",""collectionTitle"":""Prophet of the Jubilee"",""collectionBranch"":""Llanybydder"",""evidenceType"":""Explicit branch reference"",""note"":""PDF page 59; explicit Llanybydder Branch report""}]",""
"Machen","Branch","","1854","1865","false","true","false","Research note only","18 recovered PDF frames; photographed identifier unresolved as 1565 versus 1765; Wales2Utah research note","","","Needs human review; absence from one source is not proof the branch or record was absent.","","[{""sourceName"":""Machen"",""collectionTitle"":""Machen Branch Record of Members, 1854-1865"",""collectionBranch"":""Machen"",""note"":""The local PDF is a documented direct-FHC fallback. The photographed/library identifier discrepancy 1565 versus 1765 remains unresolved.""}]",""
"Machynlleth","Branch","","","","false","false","false","Historically verified branch; no dedicated local membership register identified","PDF page 299; Machynlleth listed among represented Merionethshire branches","","","Explicit historical branch evidence is preserved in conference minutes, journals, Welsh Saints material, or Ronald D. Dennis publications. No dedicated Record of Members is currently identified.","","[{""sourceName"":""Machynlleth"",""collectionTitle"":""Zion's Trumpet, 1849"",""collectionBranch"":""Machynlleth"",""evidenceType"":""Conference organization/branch list"",""note"":""PDF page 299; Machynlleth listed among represented Merionethshire branches""}]",""
"Maesteg","Branch","","","","false","false","false","Historically verified branch; no dedicated local membership register identified","PDF page 203; William Evans explicitly identified as a member of Maesteg Branch","","","Explicit historical branch evidence is preserved in conference minutes, journals, Welsh Saints material, or Ronald D. Dennis publications. No dedicated Record of Members is currently identified.","","[{""sourceName"":""Maesteg"",""collectionTitle"":""Zion's Trumpet, 1855"",""collectionBranch"":""Maesteg"",""evidenceType"":""Explicit branch reference"",""note"":""PDF page 203; William Evans explicitly identified as a member of Maesteg Branch""}]",""
"Merthyr Tydfil","Branch","","1843","1896","true","true","false","Local CD only / verify with FamilySearch","CD 29; LR 5450 7; Wales2Utah research note","","","Needs human review; absence from one source is not proof the branch or record was absent.","","[]",""
"Morriston","Branch","","1853","1868","true","false","true","Contextual conference-minutes evidence; dedicated member register not recovered","CD 41; LR 17617 21; Western Glamorgan Conference Minutes, 1851-1870; Morriston fast-offerings report, 1866; Film 104172 Item 5 retained as legacy discovery metadata","","","Morriston is explicitly attested by a 1866 fast-offerings report in the enclosing conference minutes. This is contextual conference material, not a dedicated Record of Members.","https://www.familysearch.org/search/catalog/results?query=film_number%3A104172","[]",""
"Mountain Ash","Branch","","1862","1862","false","false","false","Historically verified branch; no dedicated local membership register identified","Journal entry dated 30 January 1862 states that the writer came to Mountain Ash Branch","","","Explicit historical branch evidence is preserved in conference minutes, journals, Welsh Saints material, or Ronald D. Dennis publications. No dedicated Record of Members is currently identified.","https://welshsaints.byu.edu/Resource_Info.aspx?id=181","[{""sourceName"":""Mountain Ash"",""collectionTitle"":""Thomas Evans Jeremy journal"",""collectionBranch"":""Mountain Ash"",""note"":""The dated journal entry explicitly identifies Mountain Ash Branch.""}]",""
"Nantyglo","Branch","Nanty Glo","1846","1867","true","true","false","Local CD only / verify with FamilySearch","CD 24; LR 174 7; Wales2Utah research note","","","Needs human review; absence from one source is not proof the branch or record was absent.","","[]",""
"Newmarket","Branch","Trelawnyd","","","false","false","false","Historically verified branch; no dedicated local membership register identified","PDF pages 117-118; Newmarket represented as a branch and Robert Parry set apart to preside; Modern name of historical Newmarket; historical source name remains canonical","","","Explicit historical branch evidence is preserved in conference minutes, journals, Welsh Saints material, or Ronald D. Dennis publications. No dedicated Record of Members is currently identified.","","[{""sourceName"":""Newmarket"",""collectionTitle"":""Zion's Trumpet, 1849"",""collectionBranch"":""Newmarket"",""evidenceType"":""Branch leadership/officer appointment"",""note"":""PDF pages 117-118; Newmarket represented as a branch and Robert Parry set apart to preside"",""leadership"":""Branch president: Robert Parry""}]","Branch president: Robert Parry"
"Newport","Branch","","1848","1866","true","false","false","Local CD only / verify with FamilySearch","CD 28; LR 6071 7","","","Needs human review; absence from one source is not proof the branch or record was absent.","","[]",""
"Overton","Branch","Owrtyn","1840","1842","false","false","false","Historically verified branch; no surviving local membership register identified","Overton: The First LDS Branch in Wales; organized 30 October 1840; earliest documented branch in Wales; Welsh spelling used in Welsh Saints person records for Overton, Flintshire; Opposition to the Gospel Message in Wales, PDF page 23; missionaries arrived 16 October and organized a branch 30 October 1840","","","Organized 30 October 1840 and documented as the first branch in Wales. Activity is documented through 1842; no surviving Overton membership register is currently identified.","https://welshsaints.byu.edu/Resource_Info.aspx?id=24497","[{""sourceName"":""Overton"",""collectionTitle"":""Overton: The First LDS Branch in Wales"",""collectionBranch"":""Overton"",""note"":""Overton, historically in Flintshire and now in Wrexham County Borough, was organized on 30 October 1840 after the mission of Henry Royle and Frederick Cook. Contemporary journal references continue into 1842. The historical resource explicitly states that no Overton branch record is known to have survived.""}]",""
"Pembroke","Branch","","1856","1857","false","false","false","Historically verified branch; no dedicated local membership register identified","Pembroke Branch is explicitly named in a contribution list; PDF page 974","","","Explicit historical branch evidence is preserved in conference minutes, journals, Welsh Saints material, or Ronald D. Dennis publications. No dedicated Record of Members is currently identified.","","[{""sourceName"":""Pembroke"",""collectionTitle"":""Zion's Trumpet, 1856-1857"",""collectionBranch"":""Pembroke"",""note"":""The periodical explicitly names Pembroke Branch in a branch contribution list.""}]",""
"Pen-y-cae","Branch","Pen-Y-Cae","1844","1866","true","true","false","Local CD only / verify with FamilySearch","CD 17; LR 230 7; Wales2Utah research note","","","Needs human review; absence from one source is not proof the branch or record was absent.","","[]",""
"Pen-y-Darran","Branch","","","","true","false","false","Local CD only / verify with FamilySearch","CD 36; two-page baptism list","","","Needs human review; absence from one source is not proof the branch or record was absent.","","[]",""
"Pencader","Branch","","","","false","false","false","Historically verified branch; no dedicated local membership register identified","PDF page 260; Pencader named among branches assigned to the Carmarthen Conference","","","Explicit historical branch evidence is preserved in conference minutes, journals, Welsh Saints material, or Ronald D. Dennis publications. No dedicated Record of Members is currently identified.","","[{""sourceName"":""Pencader"",""collectionTitle"":""Zion's Trumpet, 1852"",""collectionBranch"":""Pencader"",""evidenceType"":""Conference organization/branch list"",""note"":""PDF page 260; Pencader named among branches assigned to the Carmarthen Conference""}]",""
"Pendoylon","Branch","Pendoylan","1851","1886","false","false","false","Historical source attestation; local image collection not yet located","DGS 106248102; indexing images 195-239; no matching local image or PDF packet located; DGS 106248102; indexing images 195-239; WALES (Country), Part 5; Historical/source spelling in typed Cardiff conference records","","","","","[{""sourceName"":""Pendoylon"",""collectionTitle"":""Pendoylon Branch source attestation"",""collectionBranch"":""Pendoylon"",""note"":""The indexing map identifies images 195-239 and preserves Pendoylan as a source spelling. Project source CDs, recovered CD copies, Microfilm PDFs/direct-FHC holdings, manifests, catalogs, and typed sources yielded no matching authoritative local collection.""},{""sourceName"":""Pendoylon"",""collectionTitle"":""Wales Record of Members - List of Branches (2022 indexing project)"",""filename"":""Wales Indexing Branch List.pdf"",""collectionBranch"":""Pendoylon"",""note"":""The map identifies Pendoylon Branch, 1851-1886, as images 195-239. No matching local/original image collection was located during the 2026-08-11 recovery audit.""}]",""
"Pontlanfraith","Branch","","","","false","true","false","Research note only","10-page source packet; photographed library identifier 27560; Wales2Utah research note","","","Needs human review; absence from one source is not proof the branch or record was absent.","","[{""sourceName"":""Pontlanfraith"",""collectionTitle"":""Pontlanfraith Branch Record of Members and Children"",""collectionBranch"":""Pontlanfraith"",""note"":""Mixed members-and-children record. Source spelling Pontrlanfraith is preserved where photographed; later children/index and post-1920 material are classified separately.""}]",""
"Pontypool","Branch","","1857","1884","true","false","false","Local CD only / verify with FamilySearch","CD 62; general minutes","","","Needs human review; absence from one source is not proof the branch or record was absent.","","[]",""
"Pontypridd","Branch","","1877","1895","false","true","false","Research note only","Wales2Utah research note","","","Needs human review; absence from one source is not proof the branch or record was absent.","","[]",""
"Rhosllanerchrugog","Branch","","","","false","false","false","Historically verified branch; no dedicated local membership register identified","PDF page 89; Dan Jones explicitly says that he established a branch at Rhosllanerchrugog","","","Explicit historical branch evidence is preserved in conference minutes, journals, Welsh Saints material, or Ronald D. Dennis publications. No dedicated Record of Members is currently identified.","","[{""sourceName"":""Rhosllanerchrugog"",""collectionTitle"":""A Steamboat for an Eldership"",""collectionBranch"":""Rhosllanerchrugog"",""evidenceType"":""Branch organization statement"",""note"":""PDF page 89; Dan Jones explicitly says that he established a branch at Rhosllanerchrugog""}]",""
"Rhymney","Branch","","1850","1887","true","false","false","Local CD only / verify with FamilySearch","CD 20; LR 12451 7","","","Needs human review; absence from one source is not proof the branch or record was absent.","","[]",""
"Rhymney English","Branch","","1851","1887","false","false","true","Verified direct-FHC microfilm fallback source","Direct-FHC microfilm capture; photographed library identifier 1602; 57 authoritative images; source dates 1851-1887","","","","https://www.familysearch.org/search/catalog/results?query=film_number%3A104172","[{""sourceName"":""Rhymney English"",""collectionTitle"":""Rhymney English Branch Record of Members, 1851-1887"",""filename"":""FHC104171_003_frame-230.jpg"",""viewerSequence"":3,""collectionBranch"":""Rhymney English"",""lrContext"":""Photographed Historian's Office/library identifier 1602; local microfilm folder 0,104,171."",""note"":""A distinct English-language branch source. No matching recovered CD set was located; the locally created direct-FHC microfilm PDFs are the documented fallback and their embedded JPEGs were recovered losslessly.""}]",""
"St Clears","Branch","Saint Clears","","","false","false","false","Historically verified branch; no dedicated local membership register identified","PDF page 260 (Saint Clears in branch list); PDF page 627 (St. Clears branch president referenced); Expanded source spelling retained as an alias of St Clears","","","Explicit historical branch evidence is preserved in conference minutes, journals, Welsh Saints material, or Ronald D. Dennis publications. No dedicated Record of Members is currently identified.","","[{""sourceName"":""St Clears"",""collectionTitle"":""Zion's Trumpet, 1852 and 1854"",""collectionBranch"":""St Clears"",""evidenceType"":""Branch leadership/officer appointment"",""note"":""PDF page 260 (Saint Clears in branch list); PDF page 627 (St. Clears branch president referenced)""}]",""
"Stepaside","Branch","","1848","1860","true","false","false","Local CD only / verify with FamilySearch","CD 44; LR 12727 11; membership records 1848-1857; historical record and general minutes 1858-1860","","","Needs human review; absence from one source is not proof the branch or record was absent.","","[]",""
"Sutton Mountain","Branch","","1853","1859","true","false","true","Matched: FamilySearch and local CD","CD 56; LR 12770 11; membership register 1853-1859; historical record and branch minutes 1853-1855; Film 104171 item 6","","","","https://www.familysearch.org/search/catalog/results?query=film_number%3A104171","[]",""
"Swansea","Branch","Abertawe; Abertawe (see Swansea)","1852","1879","true","true","false","Verified local source identity and collections","CD 32; LR 8863 7; CD 61; general minutes; Swansea / Abertawe source identity; Swansea Branch LR 8863 10; Wales2Utah research note","","Abertawe is the Welsh/historical source name for Swansea; the recovered LR 8863 10 description states that the branch was known as Abertawe until 1866.","","","[{""sourceName"":""Abertawe"",""collectionTitle"":""Swansea Branch, England Southwest Mission, Confidential Minutes, 1849-1881"",""collectionBranch"":""Swansea"",""lrContext"":""LR 8863 10; the recovered source description states that the branch was known as Abertawe until 1866."",""note"":""Abertawe is the Welsh/historical source name for Swansea. A Welsh heading in the source reads 'yn Nghangen Abertawe'. The separate Swansea membership volume is LR 8863 7, library number 1606, Record of Members 1872-1879.""}]",""
"Towyn","Branch","Tywyn","","","false","false","false","Historically verified branch; no dedicated local membership register identified","PDF page 299 (1849); branch represented; PDF page 417 (1850); presiding appointment; Modern spelling retained as an alias of historical source form Towyn","","","Explicit historical branch evidence is preserved in conference minutes, journals, Welsh Saints material, or Ronald D. Dennis publications. No dedicated Record of Members is currently identified.","","[{""sourceName"":""Towyn"",""collectionTitle"":""Zion's Trumpet, 1849 and 1850"",""collectionBranch"":""Towyn"",""evidenceType"":""Branch leadership/officer appointment"",""note"":""PDF page 299 (1849); branch represented; PDF page 417 (1850); presiding appointment"",""leadership"":""Branch president: John Evans""}]","Branch president: John Evans"
"Treboeth","Branch","","1844","1880","true","false","true","Matched: FamilySearch and local CD","CD 16; LR 228 7; Film 104172 Item 1","","","","https://www.familysearch.org/search/catalog/results?query=film_number%3A104172","[]",""
"Tredegar","Branch","","1844","1883","true","false","true","Matched: FamilySearch and local CD","CD 5; LR 164 7; Film 104172 Items 2-3","","","","https://www.familysearch.org/search/catalog/results?query=film_number%3A104172","[]",""
"Treforest","Branch","","1851","1873","true","false","true","Matched: FamilySearch and local CD","CD 30; LR 12886 7; Film 104172 Item 4","","","","https://www.familysearch.org/search/catalog/results?query=film_number%3A104172","[]",""
"Treorchy","Branch","Treorky","1874","1882","true","false","true","Verified compound local source section","CD 34; LR 172 7 compound logical sections; 68 authoritative full-resolution images; Treorky minutes 1874 and membership register 1875-1882","","","","https://www.familysearch.org/search/catalog/results?query=film_number%3A104168; https://www.familysearch.org/search/catalog/results?query=film_number%3A104172","[{""sourceName"":""Treorky"",""collectionTitle"":""Llanelltyd, 1850-1882, LR1727"",""filename"":""LR-1175710_v1574_M_00003.jpg"",""viewerSequence"":3,""collectionBranch"":""Llanelltyd"",""lrContext"":""Enclosing Llanelltyd collection: LR 172 7"",""internalPage"":25,""note"":""Historical spelling written throughout the compound source. Early minutes appear at images 00006-00025; the member register occupies images 00074-00109; later history and children-blessed material continue at 00112-00116. Not associated with Troedyrhiw.""}]",""
"Trinant","Branch","","1849","1853","false","false","true","FamilySearch only / locate local record","Photographed library identifier 859; compound PDF pages 4-5; Film 104172 Item 6","","","Needs human review; absence from one source is not proof the branch or record was absent.","https://www.familysearch.org/search/catalog/results?query=film_number%3A104172","[{""sourceName"":""Trinant"",""collectionTitle"":""Trinant Branch surviving Record of Members page, 1849-1853"",""collectionBranch"":""Trinant"",""note"":""The Library 859 label identifies a Trinant Record of Members dated 1849-1853. Compound PDF page 5 preserves the closing register leaf, entries 19-29; entries 1-18 are not currently recovered. Candidate captures 294-295 are later member/status pages and captures 296-306 are Stepaside financial records, so they are retained as context but excluded from Trinant.""}]",""
"Twyn-yr-Odyn","Branch","","1847","1901","true","false","true","Matched: FamilySearch and local CD","CD 33; LR 165 7; Film 104172 Items 9-10","","","","https://www.familysearch.org/search/catalog/results?query=film_number%3A104172","[]",""
"Twyncarno","Branch","Twyn Carno","1856","1857","false","false","true","FamilySearch only / locate local record","Captures 314-338; photographed library identifier 1602; 25 retained source frames; Film 104172 Items 7-8","","","Needs human review; absence from one source is not proof the branch or record was absent.","https://www.familysearch.org/search/catalog/results?query=film_number%3A104172","[{""sourceName"":""Twyn Carno"",""collectionTitle"":""Twyn Carno Branch Record, 1856-1857"",""collectionBranch"":""Twyncarno"",""note"":""The retained branch section begins with the printed/narrative source at capture 314; the regular register begins at capture 318. Earlier captures 308-312 belong to adjacent context, and captures 307 and 313 were not found.""}]",""
"Victoria","Branch","","1858","1858","false","false","false","Historically verified branch; no dedicated local membership register identified","Journal entry dated 31 March 1858 records a visit to Victoria Branch; 1846 Latter-day Saint meeting context at Victoria; contextual evidence only and not used to extend the verified branch date","","","Explicit historical branch evidence is preserved in conference minutes, journals, Welsh Saints material, or Ronald D. Dennis publications. No dedicated Record of Members is currently identified.","https://welshsaints.byu.edu/Resource_Info.aspx?id=4078; https://welshsaints.byu.edu/Resource_Info.aspx?id=24026","[{""sourceName"":""Victoria"",""collectionTitle"":""David John journal"",""collectionBranch"":""Victoria"",""note"":""The dated journal entry explicitly identifies Victoria Branch. A separate 1846 license documents earlier Latter-day Saint activity at Victoria but is not used to extend the branch date.""}]",""
"Welsh Conference","Conference","","1850","1922","true","true","true","Verified local direct-FHC conference sources; Library 3118 incomplete","Film 104172 item 11 context; Library 1614 early-1892; Library 3114 1887-1901; Library 3118 early-1911 partial capture; LR1001123 incomplete minutes, 1884; Wales2Utah research note; Film 104172 Item 11","","","","https://www.familysearch.org/search/catalog/results?query=film_number%3A104172","[{""sourceName"":""Welsh Conference"",""collectionTitle"":""Welsh Conference records and minutes"",""collectionBranch"":""Welsh Conference"",""note"":""Three distinct member books and a separate 1884 minutes fragment survive locally. Library 3118 is incomplete after direct-FHC component 474. The Film 86987 convenience PDF includes Bristol Conference material and is not treated as a single Welsh Conference source.""}]",""
"Ynysgau","Branch","","1850","1850","false","false","false","Historically verified branch; no dedicated local membership register identified","Special conference on 8 March 1850 appointed John Argust president of Ynysgau Branch, Merthyr","","","Explicit historical branch evidence is preserved in conference minutes, journals, Welsh Saints material, or Ronald D. Dennis publications. No dedicated Record of Members is currently identified.","https://welshsaints.byu.edu/Resource_Info.aspx?id=571","[{""sourceName"":""Ynysgau"",""collectionTitle"":""Merthyr special conference record"",""collectionBranch"":""Ynysgau"",""note"":""The conference record explicitly appoints a president of Ynysgau Branch in Merthyr.""}]",""
"Ystrad","Branch","","1885","1911","false","false","true","FamilySearch only / locate local record","Film 104172 Item 12","","","Needs human review; absence from one source is not proof the branch or record was absent.","https://www.familysearch.org/search/catalog/results?query=film_number%3A104172","[]",""
